code,board,streak,first_limit_date,entry_price,exit_date,exit_price,hold_days,pnl_pct,exit_reason,b1_amplitude_pct,b1_vol_ratio
301293,创业板,1,2026-01-06,,2026-01-09,92.1,2,1.78,追踪(峰13.8%→-10.6%),0,0
688583,科创板,1,2026-01-30,,2026-02-03,156.06,1,20.05,止盈15%,0,0
301362,创业板,4,2026-02-02,,2026-02-04,77.74,1,20.01,止盈15%,0,0
300364,创业板,2,2026-02-09,,2026-02-12,37.17,2,-12.17,止损10%,0,0
300323,创业板,1,2026-03-05,,2026-03-12,13.41,4,16.51,止盈15%,0,0
301171,创业板,3,2026-04-07,,2026-05-20,41.73,7,-2.98,追踪(峰16.0%→-16.3%),0,0
301171,创业板,4,2026-04-13,,2026-05-20,41.73,7,-2.98,追踪(峰16.0%→-16.3%),0,0
301070,创业板,4,2026-04-20,,2026-04-28,137.262,1,44.23,止盈15%,0,0
301022,创业板,1,2026-04-21,,2026-04-29,39.495,1,76.2,止盈15%,0,0
300590,创业板,1,2026-04-23,,2026-05-11,15.38,8,6.36,数据结束,0,0
301030,创业板,6,2026-04-27,,2026-04-28,15.215,1,74.74,止盈15%,0,0
301070,创业板,6,2026-04-27,,2026-04-28,137.262,1,44.23,止盈15%,0,0
301171,创业板,2,2026-04-27,,2026-05-20,41.73,7,-2.98,追踪(峰16.0%→-16.3%),0,0
301022,创业板,5,2026-04-28,,2026-04-29,39.495,1,76.2,止盈15%,0,0
301023,创业板,5,2026-04-28,,2026-04-29,95.46,1,399.92,止盈15%,0,0
301024,创业板,5,2026-04-28,,2026-04-29,61.211,1,130.7,止盈15%,0,0
301026,创业板,5,2026-04-28,,2026-04-29,46.072,1,106.07,止盈15%,0,0
301029,创业板,5,2026-04-28,,2026-04-29,43.035,1,129.78,止盈15%,0,0
301037,创业板,5,2026-04-28,,2026-04-29,25.162,1,146.49,止盈15%,0,0
301038,创业板,5,2026-04-28,,2026-04-29,33.547,1,185.34,止盈15%,0,0
301050,创业板,5,2026-04-28,,2026-04-29,100.951,1,554.46,止盈15%,0,0
301059,创业板,5,2026-04-28,,2026-04-29,29.015,1,286.61,止盈15%,0,0
301068,创业板,5,2026-04-28,,2026-04-29,61.861,1,191.62,止盈15%,0,0
301071,创业板,5,2026-04-28,,2026-04-29,196.308,1,1278.37,止盈15%,0,0
301073,创业板,5,2026-04-28,,2026-04-29,58.736,1,435.03,止盈15%,0,0
301076,创业板,5,2026-04-28,,2026-04-29,84.706,1,414.8,止盈15%,0,0
301079,创业板,6,2026-04-28,,2026-04-29,55.142,1,73.32,止盈15%,0,0
301080,创业板,6,2026-04-28,,2026-04-29,102.076,1,376.26,止盈15%,0,0
301082,创业板,6,2026-04-28,,2026-04-29,23.969,1,251.25,止盈15%,0,0
301086,创业板,6,2026-04-28,,2026-04-29,308.925,1,146.56,止盈15%,0,0
301087,创业板,6,2026-04-28,,2026-04-29,82.61,1,105.73,止盈15%,0,0
301091,创业板,6,2026-04-28,,2026-04-29,71.689,1,983.73,止盈15%,0,0
301093,创业板,6,2026-04-28,,2026-04-29,116.705,1,84.64,止盈15%,0,0
301098,创业板,6,2026-04-28,,2026-04-29,14.515,1,139.25,止盈15%,0,0
301099,创业板,6,2026-04-28,,2026-04-29,100.741,1,194.86,止盈15%,0,0
301101,创业板,6,2026-04-28,,2026-04-29,56.213,1,136.39,止盈15%,0,0
301102,创业板,6,2026-04-28,,2026-04-29,22.168,1,326.14,止盈15%,0,0
301103,创业板,6,2026-04-28,,2026-04-29,27.701,1,81.87,止盈15%,0,0
301107,创业板,6,2026-04-28,,2026-04-29,40.711,1,111.41,止盈15%,0,0
301108,创业板,6,2026-04-28,,2026-04-29,39.958,1,110.38,止盈15%,0,0
301109,创业板,6,2026-04-28,,2026-04-29,41.151,1,428.25,止盈15%,0,0
301110,创业板,6,2026-04-28,,2026-04-29,101.485,1,111.08,止盈15%,0,0
301113,创业板,6,2026-04-28,,2026-04-29,37.278,1,88.49,止盈15%,0,0
301117,创业板,6,2026-04-28,,2026-04-29,61.024,1,106.21,止盈15%,0,0
301125,创业板,6,2026-04-28,,2026-04-29,48.533,1,315.02,止盈15%,0,0
301127,创业板,6,2026-04-28,,2026-04-29,20.056,1,97.6,止盈15%,0,0
301128,创业板,6,2026-04-28,,2026-04-29,273.433,1,116.18,止盈15%,0,0
301129,创业板,6,2026-04-28,,2026-04-29,51.063,1,236.92,止盈15%,0,0
301261,创业板,1,2026-04-28,,2026-05-14,91.21,8,-3.08,追踪(峰6.2%→-8.7%),0,0
300632,创业板,2,2026-04-29,,2026-05-21,35.66,1,-11.93,止损10%,0,0
301031,创业板,2,2026-04-29,,2026-05-20,164.2,8,5.26,追踪(峰14.7%→-8.3%),0,0
301047,创业板,2,2026-04-29,,2026-05-19,68.4,6,-5.79,数据结束,0,0
301052,创业板,2,2026-04-29,,2026-05-18,31.25,5,-7.33,数据结束,0,0
301119,创业板,2,2026-04-29,,2026-05-19,42.51,6,-2.5,数据结束,0,0
301120,创业板,2,2026-04-29,,2026-05-21,23.04,1,-4.75,数据结束,0,0
301122,创业板,2,2026-04-29,,2026-05-18,29.19,5,-12.6,止损10%,0,0
301141,创业板,2,2026-05-07,,2026-05-08,58.28,1,42.84,止盈15%,0,0
301150,创业板,2,2026-05-07,,2026-05-08,70.0,1,254.39,止盈15%,0,0
301153,创业板,2,2026-05-07,,2026-05-08,21.25,1,229.3,止盈15%,0,0
301156,创业板,2,2026-05-07,,2026-05-08,21.04,1,86.61,止盈15%,0,0
301160,创业板,2,2026-05-07,,2026-05-08,62.46,1,47.02,止盈15%,0,0
301179,创业板,2,2026-05-07,,2026-05-08,25.12,1,206.94,止盈15%,0,0
301191,创业板,2,2026-05-07,,2026-05-08,159.32,1,33.73,止盈15%,0,0
301031,创业板,1,2026-05-08,,2026-05-20,164.2,8,5.26,追踪(峰14.7%→-8.3%),0,0
301047,创业板,1,2026-05-08,,2026-05-19,68.4,6,-5.79,数据结束,0,0
301052,创业板,1,2026-05-08,,2026-05-18,31.25,5,-7.33,数据结束,0,0
301065,创业板,1,2026-05-08,,2026-05-18,23.71,5,-3.54,数据结束,0,0
301119,创业板,1,2026-05-08,,2026-05-19,42.51,6,-2.5,数据结束,0,0
301120,创业板,1,2026-05-08,,2026-05-21,23.04,1,-4.75,数据结束,0,0
301121,创业板,1,2026-05-08,,2026-05-21,39.35,8,0.79,数据结束,0,0
301122,创业板,1,2026-05-08,,2026-05-18,29.19,5,-12.6,止损10%,0,0
301165,创业板,1,2026-05-08,,2026-05-14,97.62,3,-3.49,追踪(峰9.1%→-11.5%),0,0
301167,创业板,1,2026-05-08,,2026-05-18,17.54,5,-2.66,数据结束,0,0
301171,创业板,1,2026-05-08,,2026-05-20,41.73,7,-2.98,追踪(峰16.0%→-16.3%),0,0
301178,创业板,1,2026-05-08,,2026-05-20,54.73,7,-9.1,数据结束,0,0
301187,创业板,1,2026-05-08,,2026-05-21,21.33,8,1.19,数据结束,0,0
301192,创业板,1,2026-05-08,,2026-05-18,27.15,5,-3.42,数据结束,0,0
300069,创业板,1,2026-05-20,,2026-05-21,44.06,0,0.0,数据结束,0,0
688323,科创板,1,2026-05-20,,2026-05-21,39.16,0,0.31,数据结束,0,0
