code,board,n_days,annual_return,annual_vol,sharpe,max_drawdown,daily_vol,limit_up_count,limit_down_count,vol_mean,vol_cv,vol_price_corr,autocorr,amplitude,short_score,trend_score
000002,深主板,1288,-0.2691312546666822,0.37630708147918485,-0.7151905130479693,-0.8886567164179104,0.023705117956820072,11,1,1268627.489526765,0.8155324914894916,0.3233446147818964,0.0225491192844242,0.030052591913944125,0.23065326633165828,0.1798994974874372
000004,深主板,1282,-0.19013151555098962,0.6144519457481689,-0.30943268528425233,-0.8937235271467078,0.03870683431070015,52,24,75350.64068589245,0.9985927798996672,0.017662270269712864,0.1261532819884734,0.04685802155632626,0.8698492462311557,0.46934673366834173
000006,深主板,1288,0.24464886374836636,0.46798284554812764,0.5227731445194748,-0.5007342143906021,0.029480148265826105,29,11,332173.51823118696,1.1505534499617736,0.20942975279170956,0.06205315923704506,0.03748798628476556,0.6346733668341709,0.7095477386934674
000007,深主板,1284,0.32919856929493596,0.4631456717226193,0.7107883963818946,-0.6085972850678734,0.029175434956524058,17,12,90177.58443579766,1.1759774062393944,-0.02533703025323127,0.18798012742877054,0.039381484042661466,0.6663316582914572,0.8547738693467337
000008,深主板,1288,0.09218519599647834,0.3912357861109729,0.23562567451416694,-0.448170731707317,0.024645537953297436,24,4,487780.3180760279,1.2761524954612637,0.3060681303354676,0.049073840551998676,0.029387807103773932,0.3974874371859296,0.5874371859296483
000009,深主板,1288,0.13198265282054655,0.45767760488805637,0.28837472362849886,-0.7518097207859359,0.028830979123273256,25,6,474876.06128782,0.9420968508828029,0.26971161931833665,0.047647992047901114,0.035627092748587094,0.5055276381909547,0.46080402010050253
000010,深主板,1287,0.07168581658463724,0.5233918999021838,0.13696393963688497,-0.6943231441048034,0.03297059060397119,49,12,281125.18788819876,1.1404055518046023,0.30760059526008876,0.07765903139213699,0.044264570558697404,0.8497487437185929,0.5020100502512562
000011,深主板,1288,0.0069334659388760045,0.4117730613571188,0.016838075604131888,-0.5563076923076924,0.025939264689206598,15,8,87551.54150504267,0.9831412865557129,0.351211911421554,-0.043300658458911345,0.03383455341068462,0.38090452261306534,0.22462311557788944
000012,深主板,1288,-0.06507343994112247,0.3417376730302889,-0.19041927500733838,-0.6846635367762128,0.021527449915715455,5,2,288856.62529092317,0.9511438779072882,0.24183855341834648,0.004734009442927859,0.02709728099189203,0.171356783919598,0.19095477386934673
000014,深主板,1288,0.23590093250754296,0.4911778910890255,0.4802759586440469,-0.496407576747224,0.030941298793207853,32,13,112839.13964313421,0.9649895092061048,0.37490631659674256,0.004186786338179674,0.04096316147399605,0.6949748743718591,0.48693467336683416
000016,深主板,1268,-0.030968858461628446,0.47728839144073243,-0.06488500247857804,-0.7572327044025158,0.030066342557386362,35,12,380401.8715524035,1.3584324627663877,0.127456901378138,0.11931729771099053,0.036069001735547064,0.7005025125628142,0.5035175879396985
000017,深主板,1287,0.3720823211559521,0.5047990665499351,0.7370899548189743,-0.6178861788617886,0.03179935219401601,49,10,172282.39285714287,1.2546218930235327,0.21106707218323734,0.11205030735005986,0.040911256734756304,0.8251256281407036,0.7809045226130653
000019,深主板,1288,0.05414294928295238,0.32529449049055487,0.16644287212274336,-0.40021344717182494,0.020491626778511275,8,0,107935.41660201707,1.0286550678876094,0.4436976987539903,-0.062420263243702784,0.027967687806401652,0.18693467336683417,0.307035175879397
000020,深主板,1288,0.22890443959114593,0.49513949781507083,0.46230292796524025,-0.5588094095055209,0.03119085655962111,42,20,48283.31574864236,1.2825558547631573,0.19645261408475662,0.1651478156897913,0.03799691005045107,0.7623115577889448,0.8231155778894472
000021,深主板,1288,0.20140199597606046,0.45715220511077026,0.4405578573710691,-0.6034172661870503,0.028797882048283072,19,6,470058.734678045,1.0164417598020505,0.369413699353711,0.0189779406343662,0.03682654673591582,0.5512562814070352,0.4648241206030151
000025,深主板,1288,0.08624054817990912,0.4258980077087794,0.20249108147713782,-0.6063404124345952,0.026829052673221433,34,9,92508.91776570985,1.2041495538246922,0.36019944489743033,0.03857295040481634,0.032880510422392976,0.49045226130653263,0.4492462311557789
000026,深主板,1288,0.17774492192116287,0.40277592554284936,0.44129976656773506,-0.5136904761904761,0.025372498406434466,21,4,73519.62373933282,1.1900645870551225,0.30116580591654885,-0.02475013706143202,0.03228458004210139,0.41758793969849245,0.40452261306532666
000027,深主板,1288,0.08153579326235727,0.3501848379493933,0.23283644643158524,-0.5523495465787305,0.02205957128856068,14,2,372017.7051978278,1.2807056860594235,0.31049507617971533,0.015506158782327606,0.026650829877663824,0.29396984924623115,0.41356783919597984
000028,深主板,1288,-0.06498753766702137,0.3173017456805225,-0.20481304799518665,-0.6301538461538462,0.019988131181841087,3,1,38667.40186190845,0.6541552714294002,0.22464472940240732,-0.007120517496799314,0.024693514406160626,0.07135678391959799,0.18090452261306533
000029,深主板,1288,0.37473743172274165,0.4534058633712188,0.826494454519066,-0.4460988683740321,0.0285618847013994,26,7,72679.51124903026,1.0109943173919,0.374206724789537,0.02715147603289171,0.03980980100024378,0.5934673366834171,0.6592964824120602
000030,深主板,1288,-0.015289064633144389,0.348553315189971,-0.04386435006309274,-0.5460910151691949,0.021956795015232743,6,2,112460.60667183863,0.7451904997842019,0.3002009669810543,0.04021773801536433,0.031015884916283102,0.1964824120603015,0.4175879396984925
000031,深主板,1288,0.004010458777977899,0.3824989147227239,0.010484889299320255,-0.5633528265107213,0.024095166788295947,11,5,209113.01318851823,0.9652304145404265,0.30246533409172116,-0.0007999729518606038,0.03384427526767464,0.3301507537688442,0.26884422110552764
000032,深主板,1287,0.11752845323098082,0.5239318694603825,0.2243201074063845,-0.6970074812967582,0.03300460548888878,36,13,215257.03027950312,1.0879771334598496,0.3450834419953277,0.10867600797025703,0.04638066292890062,0.8537688442211055,0.5884422110552763
000034,深主板,1288,0.2530070185772404,0.4900619465567121,0.5162755858824091,-0.45115067303517153,0.03087100089536396,19,4,239465.61132660977,0.8104527354184431,0.4061784832499897,0.018809419021677178,0.04107237878596644,0.6597989949748744,0.5678391959798995
000035,深主板,1288,0.1862623585226395,0.4018007488915038,0.46356896804325015,-0.5566037735849056,0.02531106805158168,16,3,288101.23894491856,1.0719327933133924,0.31224639898394446,0.05264479889956651,0.03412603632856238,0.40050251256281405,0.6432160804020101
000036,深主板,1288,0.1592127153993379,0.4196254911284222,0.37941621461364566,-0.47580645161290325,0.026433921269265373,22,8,210993.97982932505,1.2770941065398231,0.3500178036115861,0.0416051226905933,0.03406343654637652,0.5085427135678392,0.6025125628140704
000037,深主板,1288,0.12456026050600388,0.4953902342724929,0.25143866771804113,-0.568922305764411,0.03120665147178673,41,12,142808.32583397982,1.1475238908623602,0.3638743410586658,0.06807123343958602,0.03900835641425711,0.7371859296482413,0.6020100502512563
000039,深主板,1288,0.03145281430249347,0.37641626803315975,0.08355859449656594,-0.7077562326869806,0.023711996063208875,8,3,288955.5709852599,0.8745264358747717,0.2619480934428063,0.03968525831775048,0.028150812188308446,0.2206030150753769,0.36381909547738694
000042,深主板,1288,0.11735442124249462,0.4507441934958554,0.26035703384734493,-0.7338247338247339,0.028394215259438357,23,12,79570.48797517456,1.067837224896727,0.2701655903201507,0.06662768806590964,0.03618217608547715,0.5487437185929649,0.5135678391959799
000045,深主板,1275,0.22875290231891365,0.4606944975278003,0.49653925442230773,-0.4589917231000752,0.029021025496057628,26,10,103073.92946708464,1.1343172796459953,0.1530881794803211,0.05214681955615021,0.03658533957808355,0.5974874371859296,0.6909547738693468
000048,深主板,1288,-0.012630108828318942,0.41226220379713996,-0.030636106613677796,-0.5740181268882175,0.02597007776663477,9,10,60438.91311093871,1.0219830826009997,0.30118293525489614,0.09601020352176678,0.03542963184869256,0.4321608040201005,0.5562814070351758
000049,深主板,1282,-0.05457129433922547,0.4862925290533176,-0.112219067904377,-0.7754972760674015,0.030633549911993584,20,6,85660.99298519095,0.8178536520112888,0.2969217150099507,0.0040098463360442255,0.03768561062244977,0.5914572864321608,0.16482412060301507
000050,深主板,1288,-0.0757602963032552,0.32290030215423315,-0.2346244205961391,-0.6431897555296857,0.020340807089707494,5,2,181720.5934833204,0.8374129308685875,0.22239876858564142,0.03125482514352015,0.027046539620540815,0.1185929648241206,0.31055276381909547
000055,深主板,1288,0.013262393518365778,0.32743413481804945,0.04050400403652327,-0.45593220338983054,0.020626411701956053,11,3,119312.15903801397,1.2732919525457023,0.305535352502463,-0.09374120296086538,0.026854573406191636,0.25678391959798996,0.24522613065326634
000056,深主板,1287,0.09532981344426439,0.6337518321026422,0.15042136150988644,-0.8258547008547008,0.0399226128732179,69,34,461357.1591614907,1.0356117785999408,0.08696781818362152,0.17671746647608755,0.05252183201698387,0.8919597989949748,0.6030150753768845
000058,深主板,1288,0.15989577020121581,0.463364306200392,0.34507571701490836,-0.46308016877637137,0.029189207634052892,33,13,170042.54305663306,1.1552561822884548,0.19854252043304685,0.052584649234325924,0.03612860147545576,0.6120603015075377,0.6381909547738693
000059,深主板,1288,0.09291926803951389,0.41857743745367193,0.22198823855573482,-0.6024096385542169,0.02636790009345498,9,8,244226.3894491854,0.7615352523097491,0.3204271461628181,0.024592590787407036,0.035563216081740394,0.39045226130653266,0.41658291457286434
000060,深主板,1288,0.1267538284525278,0.3439322773725675,0.3685429859065559,-0.46444121915820025,0.021665696994664304,3,3,646665.5399534523,0.9052212716233898,0.30569527921575285,-0.013933735237532656,0.028534200654298854,0.18391959798994975,0.41658291457286434
000061,深主板,1288,0.056952932006500534,0.3246511788618887,0.17542807700916785,-0.3535762483130904,0.020451101955059687,10,1,127713.37005430566,0.9574620780287287,0.3449908730206392,0.04598396647290586,0.0282173326958793,0.1613065326633166,0.5618090452261306
000062,深主板,1288,0.38559429602590645,0.47837410066023117,0.8060517814273932,-0.5720430107526882,0.030134735809551214,42,11,165479.03413498835,1.5745118279666503,0.2589444763737098,0.169012129567499,0.03545824258997745,0.7055276381909548,0.878391959798995
000063,深主板,1287,0.10411817242972465,0.41628041845854447,0.250115469796217,-0.5234958278436539,0.026223201497790723,10,4,901798.8385093168,0.8576116424859691,0.25876375335684837,-0.033377975059737906,0.0328369597651194,0.3457286432160804,0.3246231155778895
000065,深主板,1282,0.2407983795572155,0.4714893137029507,0.5107186367938004,-0.592039800995025,0.029701034997202995,28,8,220751.84411535464,0.9807727355160263,0.29928705626227653,0.11240197264398731,0.03744728840043579,0.5844221105527637,0.7733668341708543
000066,深主板,1288,0.11042353574251274,0.4785085334247656,0.23076607422691717,-0.6367149758454107,0.030143204277718286,27,5,833718.8719937936,1.1800548030562716,0.33105938564987775,0.05370849451364527,0.03898256062424608,0.7075376884422111,0.5085427135678392
000068,深主板,1288,0.1100765374173378,0.445854901730464,0.2468887007636471,-0.5973597359735974,0.0280862188285226,32,12,209940.6415826222,1.1249370855058782,0.2998483005118854,0.021148555423305744,0.037699926953482114,0.571356783919598,0.41758793969849245
000069,深主板,1288,-0.13726163337924357,0.3770303398841663,-0.3640599147045142,-0.8306679209783632,0.023750678953801455,8,2,647729.9216446858,0.7670382433898767,0.2680883747882794,0.03489751925847466,0.03286602135418058,0.271356783919598,0.24371859296482412
000070,深主板,1286,0.3088164292366635,0.5416964334434031,0.5700913097647872,-0.6574633304572908,0.0341236678329023,48,11,363530.7397047397,1.2605532513747,0.04932849082909204,0.08086826383563807,0.041437743216827506,0.8969849246231155,0.6864321608040201
000078,深主板,1287,0.029958188197832802,0.3909107899727179,0.0766368925245671,-0.4841075794621027,0.02462506512094317,19,6,397092.0194099379,1.806319126959354,0.3479513030825319,0.08305324622270532,0.030654688615817806,0.44170854271356785,0.6055276381909548
000088,深主板,1278,-0.038360270147266395,0.2332511122913303,-0.16445910919967865,-0.34456355283307805,0.014693438956001456,2,1,128579.94370602033,0.9931357368154443,0.3331237206900793,-0.06327735692867051,0.019737844149712094,0.08693467336683418,0.23417085427135678
000089,深主板,1288,-0.0011125198853323415,0.21673428754981072,-0.0051331051395209345,-0.3392857142857143,0.013652976796132421,0,0,123836.41582622188,0.6585152222890375,0.285751025372298,-0.01901857402958636,0.01885040365276021,0.015075376884422112,0.2979899497487437
000090,深主板,1288,-0.046292410681978535,0.32794536185419204,-0.14115891263179575,-0.5967336683417086,0.020658615978173336,3,3,272474.204034135,0.9010459623483899,0.33252446954203624,-0.01658452335208871,0.027989367526475854,0.1492462311557789,0.1969849246231156
000096,深主板,1288,0.06858513525915777,0.3701158847094082,0.18530719186237174,-0.5699551569506727,0.02331510921942256,11,6,52547.36927851047,1.2196538110200328,0.19572403989977807,0.008308900694092755,0.03047462351047796,0.3552763819095477,0.34824120603015074
000099,深主板,1288,0.2971660508906995,0.4309161684236022,0.6896145298465043,-0.5033232628398792,0.02714516708489703,25,4,277442.80605120247,1.4207803423977095,0.2704431804571606,0.04592684135334924,0.034196579218891715,0.5592964824120603,0.6723618090452261
000100,深主板,1288,-0.04046216197969721,0.34840107686351257,-0.11613673052895991,-0.6591796875,0.021947204902094133,5,5,2956342.3366951123,0.8463947796104065,0.35148595845929326,-0.05927874492140579,0.028820359515280915,0.17839195979899497,0.11909547738693468
000151,深主板,1280,0.22919834710550635,0.5151291292166857,0.44493377311826515,-0.6076421248835042,0.032450084976014454,45,14,133337.149882904,1.1619225767489307,0.22925777812488998,0.12869397060865775,0.039570729010556416,0.7884422110552763,0.7658291457286432
000153,深主板,1278,0.0356148778443941,0.4313532288648056,0.08256546018705353,-0.697560975609756,0.027172699304785802,19,10,107910.67787333854,1.1242741063170694,0.2162393636636341,0.02305663597190658,0.03356871689241494,0.47035175879396984,0.307035175879397
000155,深主板,1278,0.3120994471056695,0.516067748442502,0.6047644869255809,-0.7690457097032879,0.032509212429521456,33,9,394100.12900703674,1.012659116202562,0.3075136131842878,0.020081102342094617,0.04137317756894487,0.7748743718592965,0.4482412060301507
000156,深主板,1288,0.02662092558784379,0.3301201645216239,0.0806401075996678,-0.45386064030131823,0.02079561566885583,8,2,132655.30721489526,1.115850495925273,0.2476412898971496,-0.017990944232398078,0.027552800921031493,0.2185929648241206,0.30804020100502516
000157,深主板,1288,0.005243744899267044,0.330530851358715,0.01586461559552324,-0.6592356687898089,0.02082148650784799,3,3,627778.59193173,0.7829322110435157,0.24400629598482576,0.0007029505688933904,0.026528979397955222,0.12261306532663316,0.22160804020100502
000158,深主板,1288,0.42847534728877124,0.5658859540704815,0.7571761486686491,-0.6022275258552108,0.03564746440226221,55,12,854017.2614429791,1.1096030959808851,0.21790905120485735,0.0765629917573904,0.04622102364052623,0.8899497487437185,0.7336683417085428
000159,深主板,1288,0.15567346384804126,0.44891806062580114,0.3467747847592258,-0.6104294478527608,0.028279179701459208,13,9,158379.18463925523,0.8700023446410527,0.29893161448702793,0.03857649212341342,0.03893815902228041,0.5175879396984925,0.5060301507537688
000166,深主板,1288,0.009153213207440558,0.24506248853674426,0.037350527459726425,-0.416793893129771,0.015437485722353388,4,2,824560.8619084562,0.9027006273419763,0.3076741117773287,0.06789395027192066,0.02035481125916735,0.0658291457286432,0.5869346733668341
000301,深主板,1277,0.19655266871064403,0.4656540749843472,0.4221001796607301,-0.8205391527599486,0.029333449509342992,23,9,296207.9906103286,0.7114325004987774,0.1480815671549946,0.10528114390223013,0.0401284330900353,0.5608040201005025,0.6266331658291457
000333,深主板,1288,0.0025124418884072686,0.28851075134646237,0.008708312867655202,-0.6248716272990384,0.01817446901502697,0,0,309916.12412723043,0.45727186273203524,0.15392088544203886,-0.0019588167169848725,0.02544126056685916,0.052763819095477386,0.22311557788944725
000338,深主板,1288,0.2123652955481048,0.3544283043307236,0.5991770210032177,-0.6435021594032195,0.022326884544319324,5,0,717725.4088440652,0.6879522577053642,0.2957974730458004,-0.030589268484799564,0.02882112135207629,0.16733668341708544,0.37939698492462315
000400,深主板,1288,0.22636111643349577,0.44539843866863393,0.5082216208707978,-0.5821271239773442,0.02805746435842047,14,3,259959.9216446858,0.770942492542893,0.27617485314063817,-0.0008360348449390425,0.03803328311839364,0.4798994974874372,0.43567839195979896
000401,深主板,1266,-0.17901394552960426,0.2864307556023689,-0.6249815776700892,-0.7458912768647282,0.018043441599147354,2,2,128208.54222573007,0.6832752272207283,0.22278784963961704,0.008582134915263327,0.023605939631107627,0.05527638190954774,0.15276381909547737
000402,深主板,1288,-0.06321666282766769,0.38552940984388895,-0.16397364562476774,-0.7431906614785992,0.02428607003686731,19,2,315876.0372381691,1.0580928676221841,0.3377153586271451,0.05031214704335175,0.030197779779183975,0.32160804020100503,0.34422110552763824
000403,深主板,1286,-0.1355236525790693,0.3858391311291661,-0.3512439295165748,-0.7602808425275828,0.024305580643928897,10,2,71864.61072261073,0.9519623574260369,0.22166295398350533,0.04944868629875086,0.03364489626204556,0.3251256281407035,0.31206030150753766
000404,深主板,1288,0.18633455058908655,0.37678093077941427,0.49454347438346286,-0.4447144592952612,0.023734967656994573,12,5,183426.81225756402,1.1223416824227639,0.18035194708219296,0.1381448607290629,0.029744278041758783,0.31809045226130656,0.878894472361809
000407,深主板,1278,0.10295049880654239,0.3710549983633863,0.2774534752546834,-0.5333333333333334,0.023374267818976162,16,5,206720.2931978108,1.4916539667440432,0.25517867443462006,0.03141190883444892,0.029025744040073586,0.37889447236180906,0.5110552763819095
000408,深主板,1282,0.7808869941515495,0.4507096707908949,1.732572085221218,-0.4897560975609756,0.02839204053344048,11,5,144962.5346843336,0.7397245009677642,0.1360398080093089,0.04305691619734185,0.038742973082718,0.4949748743718593,0.7105527638190955
000409,深主板,1287,0.33980508425327804,0.4793047244258976,0.7089541724427822,-0.45022026431718054,0.03019335959641121,35,6,189442.2096273292,1.2360142069800983,0.3499716488033346,0.01987028130238267,0.03835572569564221,0.7160804020100503,0.607537688442211
000410,深主板,1275,0.17748569078887155,0.36405011632560047,0.48753092728071334,-0.39792387543252594,0.022933001727658907,8,2,135288.30877742945,1.2917702835688012,0.18753955543179687,0.03230647224419021,0.031040703385678037,0.378391959798995,0.6346733668341709
000411,深主板,1277,-0.032310670933639596,0.40170433177667003,-0.08043396194095041,-0.5446333687566418,0.025304994344248807,17,3,62389.3255086072,1.0274308710783573,0.32010935076372715,-0.0851328714588861,0.03159989874273619,0.3492462311557789,0.1829145728643216
000415,深主板,1288,0.2294758288298424,0.3836796586376437,0.5980922461322478,-0.43434343434343436,0.0241695466635562,16,3,623658.3723816912,1.2463685454247566,0.284443383754336,-0.002908499363249467,0.03257891290902966,0.41457286432160806,0.5185929648241207
000417,深主板,1288,0.1348538419379699,0.36933226452926265,0.3651287875156254,-0.3203389830508475,0.023265745788017878,10,6,190893.2342901474,1.0591847230820672,0.317954859257094,-0.023962416494493752,0.030326846011522697,0.29547738693467335,0.43015075376884426
000419,深主板,1288,0.12638666227387585,0.3901819621745213,0.3239172348447656,-0.5784543325526932,0.024579153285166525,16,10,117739.03956555469,1.140816096058926,0.3021583830078888,0.011982904071136993,0.030089363207049576,0.349748743718593,0.4195979899497488
000420,深主板,1271,0.3636856657164178,0.48361676203776127,0.7520121184054842,-0.6461295418641391,0.03046499243367188,31,3,625765.5558176101,1.0862155666140265,0.312946372560986,0.030521758627578173,0.04101006692850214,0.7291457286432161,0.5522613065326634
000421,深主板,1278,0.09400359682387371,0.45876895343271534,0.20490400695272987,-0.6059670781893005,0.028899727619531825,33,13,173568.45035183738,1.1731944627853048,0.06062244648196029,0.07089283849234737,0.03484532792166594,0.5804020100502513,0.5658291457286433
000422,深主板,1287,0.5923851974874952,0.5234503543486404,1.1316931826794432,-0.7797812592373633,0.03297427288797952,32,16,374692.29891304346,0.904526554822982,0.2808646207807858,0.07039623732210402,0.04287233687445588,0.7668341708542714,0.65678391959799
000423,深主板,1288,0.1323479982118878,0.33722454637156346,0.39246252870947024,-0.4232943076301978,0.021243149659183946,7,1,67576.96974398759,0.5708669773360016,0.21684290084726038,0.01901084524302971,0.02938400004303559,0.13618090452261306,0.542713567839196
000425,深主板,1265,0.19325796428801234,0.35051564278159364,0.5513533226488023,-0.46901579586877284,0.022080410034239262,7,1,820801.1777251185,0.697004029657691,0.2764773179195261,-0.033304274196773176,0.03023662774681738,0.1798994974874372,0.457286432160804
000426,深主板,1288,0.545169962984783,0.4690040186014406,1.1623993427827497,-0.5127081507449607,0.029544476121650547,13,4,357893.80605120247,0.7260259646398016,0.07433441223326702,0.06366012505368576,0.03868541602211411,0.542713567839196,0.7597989949748744
000428,深主板,1288,0.21866874919548662,0.4918783245041428,0.4445586200935449,-0.5951293759512938,0.030985421950978333,30,16,303418.73002327385,0.9564593998092997,0.3016272745525526,0.06879703546992678,0.04274311453636024,0.7120603015075377,0.6603015075376885
000429,深主板,1288,0.18411810667216955,0.22381328787437907,0.822641534918653,-0.2735913102511881,0.014098911900650359,0,1,73472.3747090768,0.7307014851743265,0.10860605498627417,-0.05253217915638407,0.0216784594473538,0.036180904522613064,0.5055276381909548
000430,深主板,1284,0.20905450517617385,0.43420127643328876,0.48146911702663603,-0.5187165775401069,0.027352109437840295,17,7,118300.57587548638,0.9954856255731682,0.051206497098828074,0.055866128601974936,0.03706549075468606,0.4989949748743719,0.6668341708542714
000488,深主板,1287,-0.11891811646765116,0.3664434046546706,-0.32451973471788187,-0.8564356435643564,0.02308376472133493,9,3,318361.6187888199,1.0179659772594691,0.10052751612837599,-0.007598760454454145,0.027887436507108603,0.23969849246231156,0.09296482412060302
000498,深主板,1288,0.09595753819836106,0.35857069272987463,0.2676112134759704,-0.5924657534246576,0.0225878304857001,7,5,173783.66020170675,0.879267103933334,0.25797958123641523,0.02604420353185203,0.028313722400997922,0.20251256281407035,0.4552763819095478
000501,深主板,1288,-0.009750624791326157,0.3312467591432983,-0.029436136421512906,-0.4961597542242704,0.020866584459268527,7,3,127735.37238169124,1.0553285577870803,0.2991201300820582,-0.057148937258056344,0.02715748457833498,0.20301507537688446,0.22663316582914572
000503,深主板,1288,0.0998254956623279,0.49978267040623703,0.19973780919852024,-0.7063750581665891,0.031483348939872945,37,6,215121.29480217223,0.962880413146769,0.3214866283024544,0.10395352586754895,0.042642071097323,0.7396984924623116,0.5633165829145728
000504,深主板,1286,0.05637750616481774,0.4922672515249839,0.11452621719232206,-0.7689194658033185,0.031009922050390208,29,15,39196.16239316239,1.1413799853847741,0.1913481190329241,0.14923856216653322,0.04149390527918686,0.7733668341708543,0.5879396984924623
000505,深主板,1288,0.012493139992830304,0.40483011676790165,0.03086020400995242,-0.6258823529411766,0.02550190029040731,22,7,157701.26764934056,1.2987581540727349,0.3309359499574353,0.028733366205899155,0.03147582421279569,0.45025125628140705,0.3517587939698492
000506,深主板,1276,0.7305323281286691,0.5991389249078208,1.2193037336725594,-0.8658008658008658,0.03774220466868324,52,8,462553.9162098669,0.9829573640762549,0.006798804175613023,0.17165920626506725,0.0444680145464461,0.849748743718593,0.7864321608040201
000507,深主板,1288,0.02554435008848155,0.30223715533085266,0.08451757051683036,-0.4839094159713946,0.019039151189738944,9,1,153218.2808378588,1.1064589954660349,0.42057937259473516,-0.059025119216023866,0.024736816750135067,0.17085427135678394,0.2633165829145729
000509,深主板,1287,0.16881683007051307,0.4524844519172644,0.373088687037098,-0.5626204238921002,0.02850384123562964,24,10,157466.64751552796,1.2917158452276134,0.12113765747430226,0.12684199687631845,0.03848280052340569,0.6603015075376883,0.7683417085427136
000510,深主板,1278,0.4299592603188067,0.5265361847663119,0.8165806505959925,-0.6808252427184467,0.03316866193258136,30,19,266754.19390148553,1.159345554234219,0.15497689804254638,0.06256032081380457,0.04362681277122711,0.8688442211055276,0.6537688442211055
000513,深主板,1288,-0.005071256985452077,0.3033354522218065,-0.016718312839159487,-0.45362718089990817,0.019108337390671786,2,1,72262.36307214895,0.6380227259077658,0.2208883187553011,0.00841928057544133,0.026342503448519065,0.07035175879396985,0.3417085427135679
000514,深主板,1288,0.1971586486879897,0.509271697469818,0.387138436452527,-0.6443850267379679,0.032081101458782395,40,17,265320.3824670287,1.166236331555335,0.3675786477810973,0.12967367337243918,0.04008110026964923,0.7864321608040201,0.7316582914572863
000516,深主板,1286,-0.08158797293361297,0.4594924098155796,-0.17756108956480665,-0.8088026502602934,0.028945301087947566,20,8,357042.5361305361,0.8444065935475698,0.12773515524190854,0.06366205976523394,0.03870056939979388,0.5381909547738694,0.3658291457286432
000517,深主板,1288,0.014157899879713609,0.41103511325988046,0.03444450224076637,-0.5780487804878048,0.025892778328593123,20,8,326436.2133436773,0.9494033067695238,0.3492636666920917,0.04151216151655527,0.034699132079378865,0.38241206030150754,0.428140703517588
000518,深主板,1287,-0.015101419940298899,0.44256605481379285,-0.03412240901903951,-0.6733576642335767,0.027879040946577997,26,9,216638.55900621117,1.2333231282311798,0.1326505619411803,0.031091056462564978,0.034581357032095764,0.5537688442211055,0.31708542713567844
000519,深主板,1288,0.2384996293182513,0.4699470664955247,0.5075031771062721,-0.7263013698630136,0.029603882555035543,17,3,451822.69899146626,0.7519599824472833,0.36606446762937406,0.059964160814040664,0.039267129629804214,0.5633165829145729,0.5778894472361809
000520,深主板,1288,0.1481897325405035,0.4765901604954318,0.31093745701013886,-0.5688487584650113,0.030022358142173147,39,14,263476.98060512025,1.2145332462852083,0.2887863393892675,0.0030799417381211134,0.03609237907529375,0.6623115577889447,0.3944723618090452
000521,深主板,1288,0.071786132662087,0.40905573593498085,0.17549230179600112,-0.5420408163265306,0.02576808927734444,16,3,277288.7595034911,0.8601904160192225,0.2848794316745476,-0.009768965183045408,0.034101933917048174,0.3487437185929648,0.31909547738693467
000523,深主板,1285,0.07494771528173416,0.4255896308014216,0.17610324560915927,-0.4826839826839827,0.02680962675400848,22,6,195960.26905132193,1.231179200859375,0.196421669089877,0.057465255770778045,0.034955931360825844,0.528643216080402,0.5728643216080402
000524,深主板,1288,0.17745878152338435,0.48569649562784273,0.36536969716857776,-0.5569620253164558,0.030596003335401002,25,9,133657.43754848719,0.9936059882362561,0.39156114505806755,0.045558537421910586,0.04094874528660422,0.6954773869346734,0.571356783919598
000525,深主板,1260,0.10080473056993511,0.4788984534651991,0.21049291314376828,-0.720348204570185,0.03016776693148465,4,2,173483.0340999207,1.138284415634284,0.014758513346187734,0.11422629934037346,0.04011322288726628,0.7105527638190955,0.5874371859296482
000526,深主板,1288,0.06192745325518478,0.5208898507407265,0.11888780932690747,-0.7370808678500986,0.03281297632184561,40,9,40393.43289371606,0.9062442334467699,0.10095780379174232,0.009518598886228182,0.04433305035188916,0.7743718592964823,0.24773869346733668
000528,深主板,1267,0.11380809261920621,0.34044867505623877,0.3342885461381403,-0.47042253521126765,0.021446250675720153,8,1,271978.6522082019,0.8968125625597094,0.22865531087155594,-0.09816419297114853,0.02890615790716136,0.1809045226130653,0.34371859296482415
000529,深主板,1288,0.020426673006183504,0.3536418951769457,0.05776089678504568,-0.5269999999999999,0.022277345424089778,8,5,89388.1016291699,1.047331955279825,0.3112381601642085,0.0367904360495269,0.02878785436027988,0.2442211055276382,0.4467336683417085
000530,深主板,1288,0.1922489428976537,0.49742106657113394,0.38649135675511453,-0.6443181818181818,0.03133458188170773,33,11,319305.1737781226,1.082004198507507,0.2047979071957,0.0703325691017472,0.04031231000669777,0.7477386934673367,0.6130653266331658
000531,深主板,1288,0.010732288265395962,0.3771664169833377,0.028455047379974154,-0.6007292616226072,0.02375925100531428,12,3,96693.57641582622,1.0538381539914379,0.35983245709707407,-0.010656054982975512,0.030655616499494425,0.3231155778894472,0.23216080402010053
000532,深主板,1288,0.1140886130857548,0.43963354638032887,0.2595084338424353,-0.45412311265969796,0.027694310279136443,22,10,105770.60744763383,1.1459490137546677,0.3087766042220983,0.06028198716820689,0.03540364348840976,0.5296482412060302,0.628643216080402
000533,深主板,1288,0.5258224309551098,0.5413970125655003,0.9712326051882191,-0.5529411764705883,0.03410480609051488,50,19,346628.4763382467,1.2303458771183389,0.3206834435660294,0.11032872358625652,0.04182068210674107,0.8879396984924623,0.8407035175879396
000534,深主板,1288,0.36696124198852775,0.47488573688877406,0.7727358677746011,-0.565065065065065,0.029914989547127336,23,7,82273.09076803723,1.0644521074483404,0.2839835462815121,0.023706213743998998,0.0412683906795076,0.7015075376884423,0.5819095477386934
000536,深主板,1287,0.20189025143516814,0.5239994272887608,0.38528716048369327,-0.6584440227703985,0.033008861232055556,57,13,826188.9526397516,1.3966659536034451,0.2136518821817372,0.17234880568435698,0.040652428232882905,0.8804020100502513,0.7512562814070352
000537,深主板,1288,0.2201345766158893,0.461067394471367,0.47744555189872573,-0.7247349823321555,0.029044515795517954,31,9,187853.06516679598,1.2765354960249817,0.24742432166823347,0.12160232384785365,0.03435998508318119,0.614070351758794,0.6994974874371859
000538,深主板,1288,-0.11761583430526534,0.28575336662135714,-0.4115991202340388,-0.7128731343283582,0.018000770104275626,2,1,77796.01318851823,0.5711707885387808,0.16419628784411977,0.015595578626541358,0.020781269323378444,0.03919597989949749,0.19547738693467337
000539,深主板,1288,0.20686034555538635,0.41670000820780667,0.4964251055455365,-0.4693877551020408,0.02624963316753405,21,2,340504.29325058183,1.0204444296144588,0.3973195382937606,0.022851574378370258,0.03409020789427958,0.4125628140703517,0.5723618090452262
000541,深主板,1288,0.03840448642903227,0.3387083002255275,0.11338513524310093,-0.47242206235011985,0.021336617366432102,10,4,162717.75174553916,1.4094223539041524,0.30996699750950557,0.01243703271226707,0.027098988701119393,0.30150753768844224,0.385929648241206
000543,深主板,1288,0.21221874825192288,0.35835591679398926,0.5922010445663233,-0.40823327615780447,0.022574300873463106,6,0,373401.4701318852,0.704266346596929,0.3601707928497276,0.010745427577108996,0.031570913306025385,0.21306532663316585,0.5698492462311558
000544,深主板,1288,0.08404498041309716,0.30065116482806326,0.2795431724376019,-0.31760644418872264,0.01893924317897487,7,1,74897.36074476338,1.156606032769227,0.2270994172265501,0.010717147478337352,0.023359654101949092,0.18090452261306533,0.48190954773869343
000545,深主板,1278,0.10215463022749383,0.5051947780103184,0.20220840490438988,-0.7389162561576355,0.03182427967294726,34,15,384042.9100860047,1.068938597492518,0.22068528225127995,0.1096448362647999,0.04145480316905469,0.7834170854271357,0.563819095477387
000546,深主板,1282,0.16269803884800838,0.541789832114652,0.300297327864172,-0.8179245283018868,0.03412955139616202,43,14,286469.6749805144,0.9758767190651657,0.11495104307787724,0.031027713697907834,0.04425506379865932,0.8185929648241206,0.3864321608040201
000547,深主板,1288,0.07553498244053403,0.47266344234766683,0.15980711786246923,-0.8203554119547658,0.029774998149610522,27,12,578796.7610550815,1.6894184410304278,0.24845222868799083,0.13707996186956292,0.03625201993418667,0.7040201005025126,0.5814070351758794
000548,深主板,1288,0.12969954238712234,0.36930142087290724,0.35120239202046727,-0.5014285714285713,0.023263802820297868,18,6,117314.78277734679,1.1650177579015843,0.1622965473565825,0.07971526053485557,0.029790626455999076,0.3221105527638191,0.6944723618090453
000550,深主板,1288,0.10393005078019302,0.47715551811981916,0.21781169206576168,-0.6206896551724138,0.0300579723249337,32,7,97284.22420480993,0.9887436623105771,0.3196971878472346,0.06637998463497204,0.035822092645838036,0.585929648241206,0.5371859296482412
000551,深主板,1288,0.2496975439441882,0.4249691771782471,0.5875662456325773,-0.5022900763358779,0.026770541849556847,23,8,91222.734678045,1.3247720559422804,0.32601475280440684,0.04947945055635201,0.034347468994871004,0.5412060301507537,0.6829145728643216
000552,深主板,1267,0.04789518837825035,0.3717256000605406,0.12884554728124714,-0.5456389452332657,0.0234165117551535,7,5,534615.9992113565,0.7401549777214598,0.2465494363414478,-0.04792026731639974,0.030099181457051965,0.21909547738693466,0.25879396984924624
000553,深主板,1288,0.03923843552611617,0.3656069603410983,0.10732409330913203,-0.6829268292682926,0.023031073682304774,14,4,69460.50659425912,1.0255267445803335,0.24283780386211415,0.07606727434111461,0.03046476415427036,0.27738693467336684,0.4919597989949749
000554,深主板,1288,0.22585009679232626,0.4106430833817238,0.5499912355333196,-0.36796536796536794,0.025868082767542898,20,8,186065.31885182313,1.0202428269847075,0.3786263851443292,-0.03234519144600035,0.03185249207500939,0.3668341708542714,0.4824120603015075
000555,深主板,1288,0.07562095729761742,0.44674284072248743,0.1692717832373557,-0.5468557336621456,0.028142153727386682,24,8,225930.84018619085,1.1834237470387663,0.2818245373802312,0.019030158333748944,0.03667382735413107,0.5859296482412061,0.40100502512562813
000557,深主板,1288,0.11329932703042966,0.377093423745093,0.30045426384051066,-0.4121405750798721,0.023754652863509883,19,3,145409.05197827774,0.9450304761122398,0.26023060991813274,-0.01100191192151517,0.030755794368366278,0.2809045226130653,0.41306532663316586
000558,深主板,1288,0.2241187435599079,0.4901645149164715,0.457231677813519,-0.5984405458089668,0.030877462094704607,33,12,491743.2901474011,1.105353195433442,0.22006339348193593,0.04752565274134598,0.04011570725528045,0.7206030150753769,0.5889447236180905
000559,深主板,1278,0.3465673301135437,0.4030978550417742,0.8597597972274695,-0.4403927068723702,0.02539277805866901,23,5,446724.9734167318,1.4953603592751794,0.3063820694444224,0.0843653622920231,0.03196729292361633,0.4653266331658291,0.8467336683417085
000560,深主板,1288,0.070700401872416,0.4961865493093745,0.14248754217707338,-0.7134387351778656,0.03125681460399744,35,7,1045351.048875097,1.0780542658196444,0.4045954258861393,0.040650488942240236,0.04231870957637079,0.7733668341708543,0.37889447236180906
000561,深主板,1278,0.17333666714318108,0.4705098193759219,0.3684018058817403,-0.5272255834053587,0.029639332654347834,32,7,176455.02814698985,1.1946371833878515,0.3515760628441248,0.023458144154688516,0.03793191405583107,0.6663316582914574,0.5095477386934674
000563,深主板,1288,0.007299607084821025,0.268357767463229,0.027201027769100196,-0.3312236286919832,0.01690495035952868,4,2,474986.23273855704,1.2385388925644771,0.4510686682544201,-0.010116369792901942,0.022452973433246405,0.19547738693467337,0.3246231155778895
000564,深主板,1278,0.1122512676053975,0.5546813654982006,0.20237072053894634,-0.8161157024793388,0.03494164166642765,19,6,2386424.610633307,1.201331106761775,0.022447461175619337,0.04698376639550723,0.03888764831536187,0.8321608040201005,0.39999999999999997
000565,深主板,1288,0.22110992301748578,0.452170736758609,0.48899653392546966,-0.590702947845805,0.02848407903819361,25,11,110300.49495733126,1.6804470232287723,0.30594465277717414,0.1061197738063363,0.036162954277746184,0.6457286432160804,0.7487437185929648
000566,深主板,1288,0.002399646413800527,0.49381284237087447,0.004859424883078051,-0.6870229007633588,0.031107285121982693,37,10,336118.4592707525,1.416518910621872,0.2667954233520166,0.09113200108990364,0.03936587666398449,0.7929648241206031,0.49497487437185933
000567,深主板,1288,0.07187927653495518,0.4971086349505941,0.14459470522393766,-0.7806889859291606,0.031314900539572935,23,10,130911.11249030256,1.3496166734835846,0.2114078651522276,0.013724877555012607,0.03510667214610086,0.7346733668341708,0.2577889447236181
000568,深主板,1288,-0.08691948654264237,0.4031180027054856,-0.21561797280024966,-0.6814548234020192,0.02539404724218518,7,3,104561.07602792863,0.5611536484314926,0.15322536153837452,0.0013632277814686685,0.03415346607016402,0.307035175879397,0.1763819095477387
000570,深主板,1288,0.11994452637607411,0.4245122839794354,0.28254665625149394,-0.4749661705006766,0.026741760283371784,23,11,149370.265321955,1.0606049386587315,0.20211045189750385,-0.0068299245350779,0.03366732470203306,0.44020100502512566,0.39949748743718594
000571,深主板,1286,0.285116624744554,0.4533052271290421,0.6289727267217019,-0.3980891719745223,0.028555545214026073,19,7,173714.76612276613,0.9859058770405241,0.15188553479078362,0.05051476671265934,0.04059264404164004,0.5974874371859296,0.7361809045226131
000572,深主板,1287,0.3049317143023149,0.5625237390353061,0.5420779482573558,-0.6766467065868262,0.035435664763276586,52,13,626689.9836956522,1.182328160743627,0.2588632495740294,0.032578031221008115,0.04732203844672663,0.9206030150753769,0.5276381909547738
000573,深主板,1288,0.2757718288289732,0.5129368244860365,0.537633126857868,-0.6282051282051282,0.03231198275898187,39,21,292935.8859581071,1.2577129669537102,0.27190483336360116,0.10035750316337019,0.04084370368812905,0.8407035175879396,0.7301507537688443
000576,深主板,1288,0.0655296281590878,0.4516119911557761,0.14510161253996562,-0.6826568265682658,0.028448881373640114,20,7,108607.19317300232,1.0301578709712924,0.3075055607547096,0.025705717004963536,0.038483084265668564,0.5668341708542713,0.34572864321608043
000581,深主板,1288,0.020231253777595493,0.31760046804151343,0.0637003273400437,-0.449438202247191,0.02000694892179909,6,3,120684.16524437549,1.054472521453921,0.27422678495526076,0.11491040414914468,0.023597766653012813,0.15678391959798996,0.6834170854271356
000582,深主板,1288,0.06998798270900197,0.31044331674223974,0.22544528722166954,-0.42616033755274263,0.01955609076861954,8,5,188981.0380139643,1.366435140783599,0.06889465902773965,0.08368843572491963,0.024269571020356213,0.24522613065326632,0.6894472361809045
000586,深主板,1278,0.35783406907047755,0.512726081970352,0.6979049470145134,-0.6064844246662429,0.032298707228334986,36,18,68472.69507427678,1.0964294564623427,0.26387904780244065,0.08919664513867218,0.04085398982041951,0.785427135678392,0.7492462311557789
000589,深主板,1288,-0.0006172450750251413,0.3386426552058768,-0.001822703270058785,-0.5607361963190185,0.021332482118889107,2,2,230049.1249030256,0.8226793102280612,0.32331849657192085,0.012686683178873188,0.026922445357626473,0.13869346733668342,0.31658291457286436
000590,深主板,1288,0.16775329867002742,0.45173202984358835,0.3713557764060073,-0.6192696192696192,0.028456443100203396,20,11,62024.138867339025,1.1837070465046904,0.3006478233114857,0.0005917784098058961,0.038426254337836904,0.620603015075377,0.3693467336683417
000591,深主板,1288,-0.016368955555406406,0.3905263715287679,-0.0419151093211143,-0.6817820206841687,0.024600849035179406,12,5,817284.4887509698,1.0739842451373776,0.3864319389452965,-0.03515519104624505,0.030653957670124164,0.34623115577889446,0.1336683417085427
000592,深主板,1285,0.49673761050927245,0.5309732074648238,0.9355229294543653,-0.6742424242424243,0.033448168090243535,46,15,1008869.2776049767,1.2288710623926105,0.11089703664429583,0.0835351461883132,0.04260160025248412,0.8798994974874371,0.7236180904522612
000593,深主板,1286,0.4951709959392485,0.5162622468477617,0.9591462458521925,-0.6730608840700584,0.03252146467739563,40,12,140417.95182595184,1.1310619281509822,0.28991759159203123,0.06415984099526231,0.03961416725664985,0.7788944723618091,0.6768844221105528
000595,深主板,1281,0.49395024826863265,0.5897148212495642,0.8376086719712875,-0.6845771144278607,0.03714854193988703,66,22,302807.2605304212,1.280755308211883,0.0663323894672025,0.16573674905584215,0.04578191641915304,0.956281407035176,0.8180904522613065
000596,深主板,1288,-0.09797012062702615,0.41245610691030493,-0.2375285975540939,-0.6607260726072608,0.025982292514631813,13,5,23577.148176881303,0.5378172350547021,0.2066814749410728,0.001626395301373584,0.03702801613356892,0.3733668341708543,0.1849246231155779
000597,深主板,1285,0.06155520677051585,0.35829414857659775,0.17180075927853533,-0.5736782902137233,0.022570409841507252,15,7,182833.29237947124,1.2741950481668154,0.26086976019432134,0.09690348043590638,0.028299001640396945,0.3226130653266332,0.621608040201005
000598,深主板,1288,0.10229936787990024,0.23707292988754605,0.4315101177027055,-0.2812982998454404,0.014934190834949969,1,0,193438.58960434445,0.5842557059485285,0.23716856816306348,-0.06348630451747546,0.0204740012681726,0.026130653266331655,0.4170854271356784
000599,深主板,1280,0.17358224496954633,0.440626769200433,0.3939439387319361,-0.511986301369863,0.027756877435766672,29,10,175193.34192037472,1.237735375121387,0.18595617147115853,0.08181507512432379,0.035063922648145784,0.5582914572864321,0.7165829145728643
000600,深主板,1288,0.21071354381879326,0.4199781726610417,0.5017249884289989,-0.5079754601226995,0.02645613811753481,21,2,318270.5360744763,0.9221595209919711,0.385346781485119,0.08311575819996389,0.034816731578662795,0.40653266331658294,0.7542713567839197
000601,深主板,1276,0.09118741436488742,0.4219834527292501,0.216092393611923,-0.606267029972752,0.026582458888237525,26,8,223537.99765074393,1.835524582029879,0.20069944685180977,0.07623703792390994,0.032141417786726384,0.5170854271356784,0.5753768844221105
000603,深主板,1272,0.32613155666295435,0.5036413145979103,0.6475472666957961,-0.6163032191069575,0.03172642067627893,18,12,152922.6622152396,0.7646351734501532,0.020707082036798278,0.0614398342132812,0.0390901414556779,0.6467336683417085,0.6623115577889448
000605,深主板,1288,0.136732087398026,0.4183796374864095,0.326813437239683,-0.5602755453501722,0.026355439866723715,23,12,77338.71605896043,1.243279093127896,0.17677129851277057,0.12229376619034073,0.031456221743705604,0.45829145728643217,0.7457286432160803
000607,深主板,1288,0.12845212651752624,0.4733893055920474,0.2713456451173454,-0.5982658959537572,0.029820723236050367,28,10,227346.24670287044,1.1519883695836846,0.2889217119157092,0.018643500501113002,0.03966404864043957,0.6919597989949748,0.41005025125628136
000608,深主板,1282,0.17962699483864397,0.504835031354594,0.3558132532060255,-0.7045951859956237,0.031801617763755965,32,19,191655.0522213562,1.0640810091505446,0.08465055621461723,0.11536574835133528,0.041123022933260096,0.7718592964824121,0.6597989949748743
000609,深主板,1280,0.4760424571296349,0.5714476539818002,0.8330464808326892,-0.86281179138322,0.03599781856493172,31,12,125957.36924277908,1.1436629047040994,0.048328835496531455,0.21695803695785626,0.044533787285273234,0.898994974874372,0.7879396984924623
000610,深主板,1287,0.11050014757672488,0.48349780133554976,0.22854322661136003,-0.6491625169760072,0.030457498613818516,22,17,158716.3307453416,0.8550270767537113,0.41088498076479013,0.04673727796666505,0.04011008941762568,0.6296482412060302,0.4663316582914573
000612,深主板,1278,0.24871186556484792,0.46748392093609176,0.5320222887384581,-0.6401050788091067,0.02944871896948286,20,8,377887.9757623143,0.9817215575285946,0.35078359928536135,0.02683008090450104,0.03715998273768672,0.5688442211055276,0.5185929648241205
000615,深主板,1284,-0.01729361596534984,0.5717848575317466,-0.03024497017987166,-0.9422481952561017,0.036019060391940444,24,16,267264.08249027235,0.7821295274830222,-0.009694568303910028,0.1333628736216637,0.04678826384161042,0.8115577889447236,0.5100502512562815
000617,深主板,1288,0.1688311716422437,0.4270445565276459,0.39534790705455103,-0.4974721941354905,0.026901278459905135,25,8,1108243.710628394,1.3288788369003168,0.44672362889490264,0.036677180738997665,0.03061501316617024,0.4964824120603015,0.5834170854271357
000619,深主板,1288,0.10753063073329994,0.44218206671078525,0.24318179959937566,-0.6335650446871897,0.027854851969745482,31,11,101887.28937160589,1.2061991785035624,0.1780053425713603,0.11069395308808268,0.03395462572401513,0.528643216080402,0.6386934673366834
000620,深主板,1285,0.2698018033148182,0.6408287205467659,0.4210201488544688,-0.7815315315315315,0.040368414941772617,86,28,898441.336702955,1.3887919677382625,0.10174912295686293,0.2116840346413135,0.048142946488102537,0.9874371859296482,0.7180904522613065
000623,深主板,1288,0.05966022188795783,0.2486693844563736,0.2399178411865357,-0.3177419354838711,0.015664698808263693,3,1,121824.28782001551,0.7483274751471043,0.30300061216862906,0.010937156226507826,0.019931637805409113,0.04271356783919598,0.46482412060301503
000625,深主板,1288,-0.04647595710318153,0.47444404401325263,-0.0979587744637876,-0.6611755896667915,0.02988716551130594,21,9,1547182.0543056633,0.7251458450495784,0.2932433272190883,0.0020295788796439143,0.03538063399266973,0.507035175879397,0.20452261306532665
000626,深主板,1288,0.021526229727716117,0.46146295289194095,0.04664779608593376,-0.8512996941896025,0.029069433633847383,27,14,74044.99844840962,1.151376494876734,0.2526469366190995,0.1244806432882616,0.038015682504401155,0.6306532663316582,0.5271356783919598
000628,深主板,1278,0.7255517119377903,0.5413803801055234,1.3401884120668894,-0.6086425238835814,0.03410375834401987,54,14,125273.08522283034,1.1943293656992617,0.1630947381705131,0.14251593140102486,0.04288779325844233,0.8854271356783919,0.8608040201005025
000629,深主板,1288,0.21264834847483027,0.43715703689877594,0.4864346917148429,-0.7005347593582887,0.02753830484562019,26,5,1272972.4212567883,0.9541459358371506,0.3183843472285825,0.03729911018777116,0.03522222855606914,0.45226130653266333,0.5020100502512563
000630,深主板,1278,0.28705732322736677,0.4151935851235356,0.6913818842888829,-0.5289719626168223,0.02615473743300481,12,6,2331943.40578577,0.7728699772234765,0.2971084289964421,0.04982002267673252,0.032649976937213145,0.33065326633165826,0.6874371859296483
000631,深主板,1288,0.10949447193886352,0.41857018059146883,0.26159166853247934,-0.6479099678456592,0.026367442954105265,26,8,175304.1419705198,1.3664128768796322,0.2807176511399764,0.12046035430425539,0.033432409478414436,0.5060301507537689,0.6628140703517588
000632,深主板,1287,0.12693655439560114,0.5115937047945811,0.24811985215214805,-0.6026058631921825,0.03222737417125367,36,26,207317.75621118012,1.3253198532042005,0.14951527145695093,0.13754797170639968,0.039464320075542625,0.8246231155778894,0.7095477386934673
000633,深主板,1283,0.20236149024208205,0.5183439812070958,0.39039999995916197,-0.6666666666666667,0.03265260161574079,33,17,129412.64875389409,1.0013369258868285,0.122597367755379,0.06776592733323286,0.04315023231384397,0.7959798994974875,0.5949748743718594
000635,深主板,1288,0.13758301560770914,0.494554131160042,0.2781960698316077,-0.7066817667044167,0.031153981926406917,31,14,84365.88052754074,0.9758853973359184,0.2759157108535211,0.08662995614132135,0.040379697887015564,0.6954773869346733,0.5819095477386935
000636,深主板,1288,0.01932864264929446,0.4072513211977845,0.047461215331226304,-0.7589309341095528,0.02565442183313869,11,4,219948.72381691233,0.9446308070700894,0.2947035744168327,-0.0007184108790473194,0.03418694514374746,0.3638190954773869,0.18894472361809045
000637,深主板,1286,0.13102467414584007,0.43192486914177347,0.30335061374489414,-0.6076696165191741,0.027208709257458306,23,9,114952.77078477078,1.2038920588277875,0.024736757552674803,0.02068091238924379,0.03433650150174235,0.5236180904522613,0.42763819095477384
000638,深主板,1272,-0.20997954745053915,0.5455791723375214,-0.3848745665104601,-0.922943722943723,0.034368257392893606,30,19,139342.43126472898,1.146299155128222,-0.025715395328142335,0.27943277200262856,0.040194081236804645,0.8366834170854272,0.5095477386934674
000639,深主板,1287,-0.1406246824041284,0.43821750345358484,-0.3209015643963731,-0.7168758716875872,0.027605107959375565,23,8,271581.46428571426,1.243558287646844,0.28294126350960724,0.09826415447959747,0.03617163528760119,0.578894472361809,0.45226130653266333
000650,深主板,1288,0.05136588430379341,0.35797531538571803,0.14349001759645555,-0.5857371794871795,0.022550325238345804,11,0,328120.5655546936,0.9779427299800383,0.21050146004962736,0.02390996216260737,0.02816828591196436,0.21557788944723616,0.3949748743718593
000651,深主板,1288,-0.05424663827898024,0.2550887805408442,-0.2126578760695216,-0.5606803555010726,0.016069082751281098,1,2,427301.9270752521,0.5607602104738674,0.1276151321081362,0.014644780236217264,0.020473404485117648,0.028140703517587937,0.2924623115577889
000652,深主板,1288,0.018613596916482678,0.32232720269288034,0.057747521031348004,-0.47217235188509876,0.020304705217058815,12,2,193627.75950349108,0.9605245543895454,0.39876354060654123,-0.05222211182156183,0.0258538085363989,0.13417085427135678,0.26532663316582916
000655,深主板,1288,0.11237585441918996,0.4457052120362461,0.2521304471755902,-0.6111553784860558,0.02807678926412427,20,8,127153.80993017844,1.1052144604745706,0.3286104238490433,0.04200892337605504,0.035665130170859205,0.5346733668341709,0.48693467336683416
000656,深主板,1276,-0.16236602112135157,0.5091281656961962,-0.31890991711159344,-0.8926261319534282,0.03207205980691955,26,10,1711848.1832419734,1.2797514847577072,0.0834550437918873,0.08879420446772758,0.0407784846700926,0.835678391959799,0.4035175879396985
000657,深主板,1278,0.7220443731142601,0.5324611629482299,1.3560507758280635,-0.6746756367131187,0.03354190047526799,29,7,333482.054730258,1.0332467107856198,0.27103147873023176,0.07249268050513179,0.04554517449634409,0.8402010050251256,0.7080402010050252
000659,深主板,1286,0.15422483240079865,0.4767281190484207,0.3235068925840605,-0.7420634920634921,0.030031048714136078,22,7,254542.34265734267,0.9337423197398853,0.32113536887089084,0.05855329781925454,0.04445157116242746,0.6824120603015076,0.5055276381909548
000661,深主板,1288,-0.21903239885419812,0.4225634645184324,-0.5183420178169328,-0.8482692307692308,0.02661899619661043,11,8,61502.74864235842,0.6403880722218007,0.09631036067983187,0.12784723530850245,0.033155059751795606,0.3391959798994975,0.46934673366834173
000663,深主板,1287,0.24351423646557047,0.46816772893855085,0.5201431483064327,-0.691348402182385,0.029491794824697683,20,11,95432.67158385093,0.9592351729862356,0.22197909082627068,0.028513055953864296,0.04065825018312984,0.6236180904522614,0.49246231155778897
000665,深主板,1288,0.1686876206704946,0.534859419330428,0.3153868373145018,-0.7392363931762795,0.03369297642687442,52,12,447072.5771916214,1.2611177262767481,0.2435711489255828,0.11562905208758137,0.04081459000186212,0.8738693467336683,0.6356783919597989
000668,深主板,1287,0.1651982720386851,0.494322369858624,0.3341913741146931,-0.7756729810568295,0.03113938233671452,25,19,31680.138975155278,1.034116696561009,0.12584007270494557,0.09594574132189583,0.04295055836401532,0.757286432160804,0.5879396984924623
